seed,sample,ranking_score
1,0,0.8954142656737807
1,1,0.9043084654334326
1,2,0.9072605416361554
1,3,0.9199938760278117
1,4,0.9100002855774934
