seed,sample,ranking_score
1,0,0.9021137871087967
1,1,0.9147794490162746
1,2,0.9126199934179664
1,3,0.90462446072418
1,4,0.9050652949749728
